MW1128,"MacBook Pro 13\”",1299
MW11284,"MacBook Pro 14\"",1999
MW11118,"Apple Macbook Pro 16\"",2499
MW11114,"MacBook Air M1 Chip",999
MW11119,"MacBook Air M2 Chip",1199
MW11114,"iMac 24\”",1299
MW11492,"Mac Mini",699
MW11492MO,"Mac Studio",1199
MW11449,"Mac Pro",5999
MW11449MO,"Studio Display",1599
MW11492,"Pro Display XDR",4999
MW11492MO,"iPad Pro 11-inch",799
MW11284,"iPad Pro 12.9-inch",1099
MW11289,"iPad Air",599
MW11284,"iPad 10th Generation",499
MW11287,"iPad 9th Generation",329
MW111177,"Apple Pencil 2nd Generation",129
MW1111282,"Apple Pencil 1st Generation",99
MW1129428,"Magic Keyboard Folio",249
MW1187274,"Magic Keyboard",299
MW11284,"Magic Keyboard Folio for iPad (10th generation)",249
MW11288,"Smart Folio for iPad (10th generation) - Watermelon",79
MW11242,"Magic Keyboard for iPad Pro 12.9‑inch (6th generation) - Black",349
MW11242,"iPhone 14",799
MW11492,"iPhone 14 Plus",899
MW11498,"iPhone 13 Mini",599
MW11494,"iPhone 13",699
MW11497,"iPhone SE",429
MW11494,"iPhone 12",599
MW11487,"AirPod 3rd Generation",169
MW11119,"AirPod 2nd Generation",129
MW11114,"AirPod Max",549
MW11489,"AirTag",29
MW11489MO,"iPhone 14 Clear Case with MagSafe",49
MW11487,"iPhone 14 Pro Leather Case with MagSafe",59
MW11487MO,"iPhone Leather Wallet with MagSafe",59
MW11488,"iPhone 14 Plus Silicone Case with MagSafe",49
MW11488MO,"20W USB-C Power Adapter",19
MW84112,"MagSafe Charger",39
MW84114,"USB-C to Lightning Cable (1 m)",19
MW84292,"Apple Watch Ultra",799
MW84292,"Apple Watch Series 8",399
MW84298,"Apple Watch Series 7",249
MW84294,"Apple Watch Hermès",1759
MW84287,"Green Alpine Loop",99
MW84294,"Orange Alpine Loop",99
MW84297,"Starlight Alpine Loop",99
MW84298,"Blue/Gray Alpine Loop",99
MW84287,"Black/Gray Alpine Loop",99
MW2711,"Yellow/Beige Alpine Loop",99
MW2711,"Midnight Ocean Loop",99
MW2784,"White Ocean Loop",99
MW2728,"Yellow Ocean Loop",99
MW2724,"Succulent Solo Loop",49
MW2729,"Sunglow Solo Loop",49
MW84112,"Chalk Pink Solo Loop",49
MW84112,"Midnight Solo Loop",49
MW11874,"Storm Blue Solo Loop",49
MW11879,"Starlight Solo Loop",49